week,mkt_ret,mkt_wrv_proxy,log_mkt_wrv_proxy,mkt_sd,log_mkt_sd
2020-01-05,0.0020366277883298303,0.01022993382991975,-4.5824371672780595,0.00458018237692426,-5.38601646135971
2020-01-12,0.0037954091561720076,0.011518781643682186,-4.463776389404417,0.0038941198376866294,-5.548287597547623
2020-01-19,-0.0024064810170048114,0.00921777351088794,-4.686621755295077,0.004538823083767029,-5.395087533185906
2020-01-26,-0.00432914901742447,0.026772717209673186,-3.6203719245585293,0.012480692395794739,-4.383572437147567
2020-02-02,0.006404845098044705,0.02133670502002717,-3.8473264489650414,0.007907982951769626,-4.839882529496825
2020-02-09,0.0032249938664726616,0.01016201486654678,-4.589098542856857,0.0035799308287307137,-5.632411800339792
2020-02-16,-0.0030697448257052612,0.01238973285482872,-4.39088714492715,0.006213215673981961,-5.081076695162987
2020-02-23,-0.02366911651012913,0.06501737790396347,-2.733100692450107,0.01888202880821113,-3.969544665975956
2020-03-01,8.085106103687539e-4,0.07587678720594486,-2.5786444752710516,0.037927623144816375,-3.272075589499591
2020-03-08,-0.019875934509430607,0.1688117627060057,-1.7789710149708318,0.08142810842208129,-2.508034753269636
2020-03-15,-0.031437774184901866,0.14435944516201774,-1.9354489426478962,0.06304359836450722,-2.763928754406298
2020-03-22,0.020439954881013644,0.11202088062427598,-2.189069990918407,0.0511363836180975,-2.973259026948102
2020-03-29,-0.0041706757295773295,0.06403037202569145,-2.748397745290397,0.0316737898803649,-3.4522657577552516
2020-04-05,0.02853643445644143,0.07446563408708257,-2.597417547444106,0.027615323608727097,-3.589384457112564
2020-04-12,0.005977346611273421,0.046086953498524985,-3.077225373403219,0.022053139913732776,-3.814300287511387
2020-04-19,-0.002577224260246555,0.044047401946249023,-3.1224889079931413,0.02183439484950525,-3.8242688071295996
2020-04-26,-1.2736278311137206e-4,0.04124705548032187,-3.1881755510445116,0.020623036145316607,-3.881346568491608
2020-05-03,0.0067110300368627505,0.023486433296609627,-3.7513323310648503,0.009033589101482907,-4.706805526348124
2020-05-10,-0.004257846480146405,0.029771596143168252,-3.514200489564781,0.01410409208057572,-4.261290305222704
2020-05-17,0.006299099577949762,0.03663665061871884,-3.306706156599226,0.016910432365062674,-4.079824547796351
2020-05-24,0.007403551253342395,0.01978035203327136,-3.9230661555105866,0.007572142847672457,-4.883279180563079
2020-05-31,0.00963528367854595,0.030106067837383784,-3.5030285382618427,0.010514060381209587,-4.555041833667228
2020-06-07,-0.009707644866774697,0.06244234987345867,-2.773511549938972,0.029273944103171076,-3.5310574383581863
2020-06-14,0.003769656961091723,0.02236396753453061,-3.800304207503168,0.010357309929030832,-4.5700627352280865
2020-06-21,-0.005645311121434956,0.03769929279795392,-3.2781139433790805,0.01776153842701185,-4.030719922027122
2020-06-28,0.009947738808655841,0.021302169484133514,-3.8489463577383067,0.0043951638236361164,-5.427250473537163
2020-07-05,0.0034042991154521977,0.023152233835253496,-3.765664009141703,0.010932516512963904,-4.5160137642311495
2020-07-12,0.002584024093308154,0.01855566710233998,-3.986980032416318,0.0088165594060109,-4.731123575089782
2020-07-19,-5.228560521184929e-4,0.01695153709848653,-4.077396764990756,0.008455585694456362,-4.772928027066698
2020-07-26,0.003484796178967274,0.017816316570045395,-4.0276405803229345,0.008010963020750838,-4.8269442978188755
2020-08-02,0.004871006549591207,0.012087245904204253,-4.415604439792507,0.0026204956362251546,-5.9443918049685625
2020-08-09,0.001352407943269911,0.01651072736883926,-4.103744965761357,0.008115711337015382,-4.813953424800506
2020-08-16,0.0015613915783865406,0.007370690401433669,-4.910243899904605,0.0032456647504211047,-5.7304350960550225
2020-08-23,0.006434713587590272,0.016111648480311193,-4.128212760503663,0.0036248283401258993,-5.619948346244784
2020-08-30,-0.004622536137418255,0.04001125907924843,-3.2185943874942033,0.01932654684234907,-3.946275644123401
2020-09-06,-0.006288828142171712,0.03816988673829299,-3.2657083795258908,0.02080659203239069,-3.8724854178507004
2020-09-13,-0.001253036396791763,0.02060481937189343,-3.882230280456743,0.010206714460220909,-4.58470949484961
2020-09-20,-0.0011647740843514036,0.03229280397712994,-3.432910860660016,0.016093800789181652,-4.129321125290461
2020-09-27,0.0030850180929451448,0.022140315715567446,-3.810355091840923,0.01051911232965986,-4.554561454542607
2020-10-04,0.007646119976070509,0.031123732766975474,-3.4697846393401566,0.01300356670213773,-4.342531597447987
2020-10-11,2.535197963795237e-4,0.018417362089741075,-3.994461467436368,0.009204317803466618,-4.6880825785625975
2020-10-18,-8.714851827940065e-4,0.017195795377550283,-4.063090379840261,0.00854251055819412,-4.76270033801491
2020-10-25,-0.011450016747899507,0.042205612105963776,-3.1652020784893495,0.016776466222086072,-4.087778194752583
2020-11-01,0.013967556814167724,0.03594737690667081,-3.325699162521087,0.008898745553239986,-4.721844961252456
2020-11-08,0.004484397094763159,0.022292056413436775,-3.803524878619662,0.009954731194540694,-4.609707343885718
2020-11-15,-0.0015530952887087255,0.019860362098753782,-3.919029387965673,0.009777185916900752,-4.627703574898298
2020-11-22,0.005799996741100666,0.01736003732182315,-4.053584419877638,0.007456787669141436,-4.8986305648581325
2020-11-29,0.003370159468112026,0.014701783824828049,-4.219786443931837,0.0063117464585772535,-5.0653428644048235
2020-12-06,-0.0019289868707563376,0.00976831875343965,-4.628610910290143,0.0043822111864630945,-5.430201844889125
2020-12-13,0.0024170367201192355,0.01581248936001405,-4.146955185379111,0.007430082220751898,-4.902218354263644
2020-12-20,-1.2190228386354263e-4,0.005617660839428506,-5.181839922462692,0.003240302076432792,-5.732088720056957
2020-12-27,0.003284535760369143,0.01022449136663684,-4.582969322384747,0.004523550340969523,-5.398458119795171
2021-01-03,0.003909392748768621,0.022810683686511058,-3.7805262700306383,0.010534592207644279,-4.553090940814585
2021-01-10,-0.0029381529802172744,0.010904363523572972,-4.518592246591442,0.004351477599001013,-5.437239813627764
2021-01-17,0.00473264789410283,0.016231552085632463,-4.120798271366684,0.00761295953731477,-4.8779032816183605
2021-01-24,-0.006805903477737803,0.03335399571412239,-3.4005777022794184,0.014839873814796045,-4.210437544325142
2021-01-31,0.009313126951059847,0.024768233229864618,-3.698193365038705,0.006704358830197403,-5.004997392443974
2021-02-07,0.0025271281741596026,0.00890524853941904,-4.721114452532402,0.0034413502984173487,-5.671891356006336
2021-02-14,-0.0016673946390572529,0.00470312071981356,-5.359529007666212,0.0019147258268232693,-6.258180837971188
2021-02-21,-0.005021141037505152,0.02833383988916364,-3.563698432878678,0.013007182595321796,-4.342253566764134
2021-02-28,0.0017120876308425275,0.036057802277531206,-3.322632009333505,0.017926996993411326,-4.0214474904223225
2021-03-07,0.005364953576785933,0.019182646734120026,-3.9537492245675394,0.007484321968633913,-4.894944850566497
2021-03-14,-0.0016841679652965886,0.01633342502138149,-4.114541656001407,0.007946676416157176,-4.835001498588434
2021-03-21,0.003310251222440574,0.020945393323501534,-3.8658365458861472,0.00979694704611896,-4.625684467746114
2021-03-28,0.0029061293857370663,0.011791873201716267,-4.4403446965003415,0.005923566537674642,-5.128816555801512
2021-04-04,0.005359265639125225,0.01672366728862229,-4.090930359932166,0.005832503892561789,-5.144308886677264
2021-04-11,0.0027849982890854703,0.01207899964053602,-4.416286901118411,0.0051749675111304886,-5.263922217892829
2021-04-18,-2.494171532341154e-4,0.019168304931512246,-3.9544971488120995,0.009580094850336812,-4.64806778617815
2021-04-25,2.6858060007511203e-4,0.009396149257562747,-4.667455327087848,0.004688468384683676,-5.362649320289604
2021-05-02,0.0022968216979189706,0.012605023514614244,-4.373659852845045,0.0057556421936179524,-5.157574654221009
2021-05-09,-0.002642170147285406,0.03186467611170791,-3.446257214657686,0.015656087220854528,-4.156895477822217
2021-05-16,-7.889353143354109e-4,0.014262727724890269,-4.2501055972332225,0.007076604190982529,-4.950961120379724
2021-05-23,0.0024432100572697882,0.010733600770561638,-4.534376198898341,0.004619626840505632,-5.3774413476039244
2021-05-30,0.0015190179490908323,0.009997814945850985,-4.605388715278779,0.0054992921233203845,-5.203135899877731
2021-06-06,8.076267855196519e-4,0.005239321100477125,-5.251563350020582,0.002459124868243823,-6.007949736946325
2021-06-13,-0.0038224579811076127,0.014977097433792783,-4.20123308243166,0.006149339851859221,-5.091410544086288
2021-06-20,0.005556944167859046,0.01671230997335835,-4.09160970694881,0.005588004165668177,-5.187133092120954
2021-06-27,0.003305709370845435,0.009670264047117459,-4.638699664086477,0.0031175084008906824,-5.770721185661289
2021-07-04,0.0010354126891320386,0.01398013017003596,-4.270118231058451,0.007982391492610201,-4.830517226626484
2021-07-11,-0.0019288018341668647,0.010019075484947597,-4.603264454553575,0.004521628329364617,-5.398883100152969
2021-07-18,0.00394837008162296,0.024453674949456966,-3.7109747696746065,0.011402127948615805,-4.473955278841619
2021-07-25,-6.511638164725028e-4,0.008238628898223339,-4.798921344752764,0.004054470820687502,-5.507935100377663
2021-08-01,0.001807047215388074,0.011702744540427268,-4.447931888582205,0.005491519179272965,-5.2045503442038745
2021-08-08,0.0015443489166539544,0.00454176138742443,-5.394440371371758,0.001475002425290232,-6.519095644927142
2021-08-15,-0.0011515086991929228,0.015333348575046863,-4.177725177136851,0.007557805850614098,-4.8851743623162305
2021-08-22,0.00308418937233631,0.014067768305668887,-4.263869034105906,0.006130680726473628,-5.094449486835054
2021-08-29,0.0012531004265339744,0.00558841468151272,-5.187059631050759,0.0024175956680992363,-6.024981758266052
2021-09-05,-0.004251503507834994,0.00976597733441436,-4.62885063421221,0.0027732763408263752,-5.8877258632110845
2021-09-12,-0.001182500879714973,0.01425978896839236,-4.250311662955957,0.007006247921863225,-4.9609529677556985
2021-09-19,0.0011340792284080833,0.022944019438733348,-3.7746979673401575,0.01140172519318283,-4.473990602295994
2021-09-26,-0.004404908874139175,0.026763490660822307,-3.6207166089995546,0.012442551199458378,-4.3866331323548895
2021-10-03,0.0016603653991047298,0.01924217432685851,-3.9506508293783287,0.009440301988449465,-4.662767309034557
2021-10-10,0.0036256579182762138,0.02018858403029027,-3.902637981346079,0.009244619360015536,-4.68371358751467
2021-10-17,0.003225905779472983,0.009540812324107513,-4.652176647869418,0.003122289196793589,-5.769188829278393
2021-10-24,0.002687580580524883,0.012060116977693644,-4.417851388087216,0.005228072652316103,-5.253712586546234
2021-10-31,0.004001070040055809,0.009507010654444389,-4.655725788911185,0.0016078280580147672,-6.43287104303798
2021-11-07,-5.385895128432563e-4,0.011557148701680288,-4.46045109826532,0.005747114336691647,-5.1590574046323985
2021-11-14,6.921825338578005e-4,0.006028109117437563,-5.111321896617031,0.002913010308548738,-5.838568262202746
2021-11-21,-0.005345807161917546,0.02292523045749318,-3.775517208218678,0.011708338548224752,-4.447453994596457
2021-11-28,-0.002433243775430285,0.031095172489696673,-3.4707026972573423,0.015307729875871843,-4.17939735751951
2021-12-05,0.007497439524757516,0.026428801634097224,-3.633300892517707,0.010215473051668719,-4.583851742272448
2021-12-12,-0.00397102730435618,0.023667737830853273,-3.743642431174566,0.010969463578159732,-4.512639904873297
2021-12-19,0.005766196032125102,0.023698390927783582,-3.742348126488374,0.01195293082389523,-4.426778773445529
2021-12-26,0.001844394575965901,0.014622484986113099,-4.225194867413693,0.007014415699291012,-4.959787861941531
2022-01-02,-0.0037703476619282417,0.020638537210953076,-3.8805952124426337,0.009419018138172046,-4.665024427442914
2022-01-09,-5.887160118408761e-4,0.016843719729596217,-4.083777408004205,0.00839609971379866,-4.7799880007485545
2022-01-16,-0.014815473213215705,0.03074351730978613,-3.4820761261490474,0.004731837925199575,-5.353441584255702
2022-01-23,0.0018047351979100347,0.028310930450895104,-3.5645073138885266,0.01401091928927705,-4.267918304135146
2022-01-30,0.003031504740293703,0.032329622032258865,-3.431771378242338,0.015805492366552536,-4.1473977812181655
2022-02-06,-0.0037069740648910956,0.03184177900244321,-3.4469760463744916,0.015371976177866311,-4.175209155990192
2022-02-13,-0.002849052036062884,0.02786355419691245,-3.5804357452959077,0.01356274460575096,-4.30042861239702
2022-02-20,0.0020183962605933607,0.033706887786997305,-3.3900530771368254,0.019320615849623073,-3.9465825744313165
2022-02-27,-0.0025657578647176496,0.025804326664249467,-3.657213100949958,0.012579226004543101,-4.375708555473614
2022-03-06,-0.005679559554459722,0.04286616828252719,-3.149672382293929,0.020470841455364423,-3.8887537733944226
2022-03-13,0.011935092843909263,0.03579405748755038,-3.3299733913215404,0.011926675411219913,-4.428977756376545
2022-03-20,0.0036425161001052042,0.023473944573099925,-3.751864214510881,0.011007797873818125,-4.509151359713169
2022-03-27,1.0161453032169753e-4,0.02209892097044097,-3.8122264965173267,0.011048876419051997,-4.505426537722049
2022-04-03,-0.002376537966577657,0.019177702783899225,-3.9540069881338415,0.009213368283839667,-4.687099775287676
2022-04-10,-0.005523410488323583,0.024447770350799557,-3.7112162594158544,0.012591812438185671,-4.3747084827336495
2022-04-17,-0.005441219413655098,0.035471982974318514,-3.3390121060835303,0.01666003625890905,-4.094742465840704
2022-04-24,-0.00670197479903947,0.05427004576130703,-2.913782847691645,0.02607995176327766,-3.6465883914929695
2022-05-01,-3.206477704770404e-4,0.047983151531898034,-3.0369053394447127,0.02398889720250563,-3.7301641722365124
2022-05-08,-0.004732946684380705,0.04335881879674874,-3.13824516399421,0.02102369642726595,-3.8621050761265585
2022-05-15,-0.006111560287503145,0.0464983395291633,-3.068338676076661,0.022222397109844062,-3.8066546198583047
2022-05-22,0.012741443057967676,0.03820110696340468,-3.2648907856898655,0.012724019777887827,-4.36426375071985
2022-05-29,-0.0028578447563416725,0.026968946226801585,-3.6130692146441987,0.01521682132793308,-4.185353796722275
2022-06-05,-0.010367902071203992,0.04080483917602286,-3.198954597349843,0.01678963916669079,-4.0869932990890305
2022-06-12,-0.01181455306677929,0.053340097437680006,-2.931066933501778,0.023169201938254575,-3.764931384883552
2022-06-19,0.016025263726279458,0.041184810764086935,-3.189685761377023,0.014932652451215967,-4.204205024053426
2022-06-26,-0.004584513626068184,0.02487480778105334,-3.6938997233621778,0.011332114059238101,-4.480114631829955
2022-07-03,0.004825371828831252,0.015382095056228928,-4.174551104660939,0.006915489743393676,-4.97399149303362
2022-07-10,-0.001829963339700228,0.024551867991488164,-3.7069673383699286,0.012104238852032653,-4.414199569376782
2022-07-17,0.005106548740562236,0.031771476272900154,-3.4491863642669114,0.014824325485167687,-4.211485833604417
2022-07-24,0.00837708740158494,0.03413367723777244,-3.3774707797702304,0.014267357455950444,-4.2497810464250865
2022-07-31,7.171889921832176e-4,0.01724401120587672,-4.060290372255387,0.008584639220955327,-4.757780809865737
2022-08-07,0.006486627516078692,0.027038308498407344,-3.6105005852963252,0.011409299318903207,-4.473326526380008
2022-08-14,-0.0023362121143557396,0.016215316301775827,-4.121799032673929,0.007675399786824207,-4.869734897376991
2022-08-21,-0.008136963648529874,0.04290875298896854,-3.1486794414830515,0.0194300681675389,-3.9409335072335847
2022-08-28,-0.006555657973132037,0.018611554038776207,-3.9839727062380064,0.00573381823994358,-5.1613736106729045
2022-09-04,0.008988973062050851,0.024726882688620354,-3.6998642592308864,0.009801567572854344,-4.625212949683565
2022-09-11,-0.009806710497623215,0.04789729696943484,-3.0386962068582735,0.021291390296650805,-3.8494524994070614
2022-09-18,-0.009349980396686369,0.029313789966794984,-3.529697226347945,0.01027360227871988,-4.578177559121069
2022-09-25,-0.005941444758655039,0.034257582028506456,-3.3738473656782317,0.015788271733624785,-4.148487909927017
2022-10-02,0.0031168385013720604,0.05023551639100556,-2.991033004614262,0.02487485525512064,-3.693897814844033
2022-10-09,-0.002864999075451881,0.036331550736818305,-3.315068748914101,0.017881138669211632,-4.024008827304124
2022-10-16,0.00910642112982255,0.03844761237586428,-3.2584586818151595,0.01630632061837004,-4.116202478333839
2022-10-23,0.00771991050383546,0.0322114151665574,-3.435434380976807,0.013597703630541618,-4.297854351192483
2022-10-30,-0.006622225630599977,0.03208006137709521,-3.439520582734556,0.014229028220905663,-4.252471160083304
2022-11-06,0.011442614335405884,0.05922574322112044,-2.8263989799046647,0.026706841567049406,-3.6228355079331322
2022-11-13,-0.0012485444024941308,0.015286119455703696,-4.180810087478928,0.00751450484711145,-4.890920146555873
2022-11-20,0.003945690603135185,0.015213890899528886,-4.185546393490392,0.007509739874769091,-4.891554450987187
2022-11-27,0.002263911076593284,0.035006931309673923,-3.3522091996802894,0.017319488826944486,-4.055922889739239
2022-12-04,-0.006814065755368418,0.02569785763607318,-3.6613476510197183,0.01034676793123657,-4.57108108521464
2022-12-11,-0.004240151209867008,0.03251625007386183,-3.4260153123332584,0.015551624573121262,-4.16359017165823
2022-12-18,-1.8791976390430845e-4,0.023109156937523773,-3.7675263357799773,0.011552668146090472,-4.460838860373126
2022-12-25,-3.135779197001058e-4,0.022298749520599816,-3.8032246773977683,0.012869096131631997,-4.3529264904828135
2023-01-01,0.0036664499081863903,0.02688475454686367,-3.6161958985050147,0.014933392194766587,-4.204155486623241
2023-01-08,0.0052991845642567734,0.015340426437270828,-4.177263684389594,0.004871393487674535,-5.324375245717557
2023-01-15,-0.0016490767760096244,0.025508435672445297,-3.668746070839417,0.014603680741541185,-4.226481676456107
2023-01-22,0.004890696773572069,0.0163796802029254,-4.11171372437873,0.006097117123997312,-5.099939222138081
2023-01-29,0.00326160333924477,0.02841279095097976,-3.5609158496102484,0.013730407931951752,-4.288142348649319
2023-02-05,-0.0021014651769835227,0.02021273013841027,-3.901442668198882,0.009829466926006555,-4.6223705755909235
2023-02-12,-3.826498253860568e-4,0.018585110713171663,-3.985394518125475,0.009282702135915331,-4.67960259612909
2023-02-19,-0.006769685800196547,0.02358101176607785,-3.747313476986901,0.011146741415893273,-4.4966080734849445
2023-02-26,0.0039023722462776557,0.018793846137612594,-3.974225795837121,0.008322651424000425,-4.788774394147668
2023-03-05,-0.009256191852529702,0.028280644763637508,-3.5655776389336964,0.00963599281590734,-4.642249939776973
2023-03-12,0.002865205987675388,0.027405167888440777,-3.597023674305385,0.013322876943762663,-4.31827265042271
2023-03-19,0.00293234933633476,0.024646172465119905,-3.703133665798573,0.011878977797236174,-4.432985012753325
2023-03-26,0.006777100366513352,0.021136522863644123,-3.8567527934477717,0.007367278192731248,-4.9107069499839415
2023-04-02,-1.221668009879146e-4,0.008212861326734254,-4.802053898972223,0.0047395988671023155,-5.3518027740498395
2023-04-09,0.0015919426050629481,0.014067774821927758,-4.2638685709011375,0.006804977629489159,-4.990100930247938
2023-04-16,-1.2612901181945064e-4,0.006620363213966308,-5.01760504438026,0.003307176531677949,-5.7116604651922245
2023-04-23,0.0018016965248868339,0.027128760077584094,-3.6071608563566655,0.013413976587017122,-4.3114580867200765
2023-04-30,-0.0015931556801994883,0.02373219685599853,-3.740922635659814,0.011731649953279239,-4.4454649652299585
2023-05-07,-5.04693491174509e-4,0.0067736134442741534,-4.994720590833324,0.0033394708223115975,-5.701942920979559
2023-05-14,0.0033871408822460053,0.017217404388495863,-4.061834523719204,0.007731031578904677,-4.862512973940633
2023-05-21,6.677402621487803e-4,0.020502114270893865,-3.8872272629902858,0.010223836172008985,-4.583033405339878
2023-05-28,0.004658506274690813,0.01807278639047238,-4.013347986460787,0.008940896395595336,-4.717119426859527
2023-06-04,9.23264323532375e-4,0.007745241753406621,-4.860676591474359,0.0037325153972614365,-5.59067290337218
2023-06-11,0.00514033607184722,0.017018099677287683,-4.073477814403768,0.006274959003221266,-5.071188327336825
2023-06-18,-0.003581015616967052,0.011136263639697323,-4.4975485011285254,0.004923470200884636,-5.313741671719911
2023-06-25,0.004595824734044654,0.017000397951218087,-4.074518526304724,0.006771364440965666,-4.995052670124735
2023-07-02,-0.0026819445677032368,0.008469428624407135,-4.7712922313413,0.0037841738229541953,-5.5769276925488676
2023-07-09,0.004834484536282821,0.013183215324899553,-4.3288108248117005,0.003772796133005261,-5.579938872588547
2023-07-16,0.0012868255404996074,0.010773339244745238,-4.530680785289714,0.005190983496023595,-5.260832101486427
2023-07-23,0.0020855898343517905,0.012903185263488232,-4.350281078443899,0.0060154751507703495,-5.113419938366096
2023-07-30,-0.004475001065200626,0.015390163810979319,-4.174026687199736,0.005846558164019318,-5.141902138913877
2023-08-06,-5.199082673436841e-4,0.011831617374435634,-4.436979892295005,0.005887181980005069,-5.134977837233545
2023-08-13,-0.004149086765745725,0.0167508053842402,-4.089308939225789,0.006973429501906842,-4.965648137644195
2023-08-20,0.0015836285853478764,0.020401292057119196,-3.8921570440043207,0.01004581156649651,-4.600599490898037
2023-08-27,0.005036405620722002,0.016383828848215088,-4.111460476455537,0.0059498516755757055,-5.12438898820999
2023-09-03,-0.00316162684560413,0.00871642754979945,-4.742545809660962,0.0034637442162840652,-5.6654051315729435
2023-09-10,-2.6324313836464106e-4,0.017182130632415447,-4.063885351930813,0.008586022483081279,-4.7576196906086246
2023-09-17,-0.005928614117831216,0.019307893711070046,-3.9472412661156553,0.007018768281672367,-4.959167534790282
2023-09-24,-0.0013708359635234986,0.016617488577407365,-4.097299609432112,0.00816616449788114,-4.807755942045527
2023-10-01,9.614787346173797e-4,0.01933553329116175,-3.945810772655364,0.00960781766151941,-4.645178172161449
2023-10-08,9.10531667329841e-4,0.01211269539452128,-4.413501170252743,0.005970176926490636,-5.120978716088682
2023-10-15,-0.004836686460285705,0.022809227828314446,-3.7805900955905205,0.010041080551270351,-4.601070545881147
2023-10-22,-0.005053939807742926,0.020836859438433507,-3.871031772184763,0.008753044803889566,-4.738353661555394
2023-10-29,0.011363761654183803,0.027125963828000508,-3.6072639349232776,0.0047471707082350914,-5.350206478771346
2023-11-05,0.002705409829223335,0.017746986538172898,-4.031539549970995,0.008342051897851614,-4.786446061954665
2023-11-12,0.00456827585285048,0.019432833621961815,-3.9407911887601696,0.008265731988761882,-4.795636986747317
2023-11-19,0.0024887343959216967,0.008876314368552936,-4.724368856720944,0.004243181243501325,-5.462441997788948
2023-11-26,0.001662305219765626,0.007413463087366906,-4.904457595628739,0.0032071459948625437,-5.742373835496089
2023-12-03,4.786226625320943e-4,0.01096499062871718,-4.513047751766806,0.005456317925634673,-5.210981089311185
2023-12-10,0.004738231930611824,0.015375181478058103,-4.175000661908282,0.005570951362690975,-5.1901894384265566
2023-12-17,0.0018325050578728362,0.01886869856874688,-3.9702508902500044,0.00920919936452924,-4.687552363597966
2023-12-24,8.746653218664026e-4,0.005437330748098137,-5.214467009838333,0.002972339592706438,-5.81840589462114
2023-12-31,-0.0039174936593249134,0.010536737443454935,-4.552887324255631,0.004067587723655616,-5.504705152132381
2024-01-07,0.0037095902497252427,0.015352969009541783,-4.176446402835271,0.006459650886535345,-5.042180004979956
2024-01-14,0.0029976471574720436,0.016627579879892693,-4.09669252373408,0.008954195641139622,-4.715633069822028
2024-01-21,0.0020539411756537074,0.006721180287760083,-5.002491501810101,0.0024536143082881856,-6.010193113632416
2024-01-28,0.0028276511189393714,0.024743343174881624,-3.6991987887754187,0.011960925729409133,-4.426110131330532
2024-02-04,0.0027522814216860664,0.011140060523827645,-4.497207611479118,0.004642889276995298,-5.372418417526722
2024-02-11,-6.755217157424878e-4,0.018616656735021817,-3.98369857561655,0.00927763790044959,-4.680148301173447
2024-02-18,0.004139639945309447,0.02124558241517022,-3.8516062915680034,0.011296434491357346,-4.483268134792743
2024-02-25,0.001959462376847595,0.01090208947805981,-4.518800812883378,0.004991444955025957,-5.30002984099057
2024-03-03,-4.4117848978629027e-4,0.016167886805137286,-4.124728300071995,0.008068881140599386,-4.819740450599848
2024-03-10,-1.196188590625389e-4,0.013003193330867585,-4.342560310849403,0.0065002210239864565,-5.035919098968434
2024-03-17,0.004415158243750856,0.0128481012116826,-4.354559244187137,0.004111131023174589,-5.494057100210962
2024-03-24,8.905380877692605e-4,0.009007851431552756,-4.709658700665666,0.0050980112158192335,-5.278904772987629
2024-03-31,-0.0017820507397309634,0.0174284765843315,-4.0496498252016195,0.008483414286944158,-4.769642282033923
2024-04-07,-0.002945796666820821,0.018779063479421966,-3.9750126744208703,0.008792960752114396,-4.733803792132775
2024-04-14,-0.006239017927619071,0.0166915077801971,-4.092855205053479,0.004582022164683936,-5.385614857624267
2024-04-21,0.00522245480660357,0.018078301881709544,-4.0130428509009155,0.006900268615987699,-4.97619493828338
2024-04-28,0.001188753234453918,0.022726441465563553,-3.784226210102365,0.011285227849112785,-4.484260678476694
2024-05-05,0.0037011922625863843,0.01189293195464626,-4.431811008715916,0.004270471568067733,-5.4560310203527855
2024-05-12,0.0032791728652142643,0.013369305920848711,-4.314793802390936,0.005589576625412983,-5.186851732534372
2024-05-19,-3.7920449610643735e-6,0.010624244767994897,-4.54461664735731,0.005312120692158688,-5.237764146403711
2024-05-26,-9.793481511373883e-4,0.013280826956030894,-4.321433866087135,0.0075838396922115895,-4.881735651883147
2024-06-02,0.002502432801969631,0.011957761668052628,-4.4263746994752955,0.005283872028826987,-5.243096111232482
2024-06-09,0.0032579277096773944,0.009307279002338737,-4.6769584965402595,0.0028963329237139067,-5.844309851220082
2024-06-16,0.0016007475028877068,0.008858850472303587,-4.726338266314894,0.004768985266581999,-5.345621729085375
2024-06-23,-1.0656565825077906e-4,0.006705123783204594,-5.0048833010908504,0.003350444140353029,-5.698662362723149
2024-06-30,0.004741434836555136,0.010104505757378611,-4.594773840022511,0.0020146314273089736,-6.207319014801247
2024-07-07,0.0019199487265488782,0.014620706316251545,-4.225316514182362,0.006988097695782353,-4.963546906301134
2024-07-14,-0.003967745303724466,0.018595382441656316,-3.984841984908489,0.008171187707049114,-4.8071410064962095
2024-07-21,-0.0016644913716432352,0.028008614986138023,-3.575243138053768,0.013880110372492914,-4.277298372026383
2024-07-28,-0.004284780276715018,0.029030149401924672,-3.5394203544922664,0.01370175959684957,-4.290231016669231
2024-08-04,3.372527899567039e-5,0.039299561761035634,-3.236541911287782,0.019649744703413054,-3.929690932943986
2024-08-11,0.00784430587889512,0.023877198855359584,-3.734831298202359,0.008100230730819374,-4.8158627324231
2024-08-18,0.002801829731008306,0.01669648326521784,-4.0925571646562116,0.007738237916636592,-4.861581276648102
2024-08-25,5.506763768046046e-4,0.011478196721637319,-4.467305980425821,0.005705978829717836,-5.16624073637685
2024-09-01,-0.01056274024700191,0.027029429213317017,-3.610829035701167,0.009734887732534971,-4.632039172578353
2024-09-08,0.00785681251566759,0.018561322558267132,-3.9866752956355267,0.002994794674943586,-5.810879605710171
2024-09-15,0.002820892800205184,0.01733381484890021,-4.055096069710427,0.008072700233885594,-4.819267251194057
2024-09-22,0.0011300783344957888,0.006085219839388341,-5.10189242511171,0.002767874422874058,-5.889675609714643
2024-09-29,5.277503887357757e-4,0.0135030882214755,-4.304836862552347,0.006725711656637098,-5.0018175365447775
2024-10-06,0.0022906258676456733,0.016044824677478926,-4.132368931405605,0.0076026568481584,-4.87925750749655
2024-10-13,0.0017213669609299044,0.012678216227698954,-4.367870015917839,0.0060399016060980635,-5.109367557549218
2024-10-20,-0.0019078312249646591,0.00959325426845162,-4.6466951078735335,0.004296260802849801,-5.450010215319876
2024-10-27,-0.0027824579399911833,0.020760817801890968,-3.8746878283056683,0.009903297365829889,-4.614887510040634
2024-11-03,0.009289859711028447,0.028816534395622005,-3.546805945619787,0.009986055118528016,-4.606565647338739
2024-11-10,-0.004203079749329228,0.014785833948470852,-4.214085722231482,0.00570726485839859,-5.166015379112721
2024-11-17,0.003305028033367447,0.008269903614688226,-4.795132424828454,0.0018557514845413648,-6.289465551998534
2024-11-24,0.002938112456224053,0.009281735565293795,-4.679706727548308,0.0041481158727934946,-5.485101054387495
2024-12-01,0.0017383195594766502,0.006931302299240784,-4.971707561467079,0.0028694153197631176,-5.853646991301511
2024-12-08,-0.0011880771773791177,0.011062456942274075,-4.5041981608794766,0.005369364876375562,-5.227045650011875
2024-12-15,-0.003698409537062809,0.033065352056212534,-3.409269310514265,0.016007235403733,-4.134714446226407
2024-12-22,0.0016270997798270618,0.016426188628244937,-4.108878350213395,0.00929569538508067,-4.678203847795808
